"0","library(tidyverse)"
"0","library(sf)"
"0",""
"0","# Load and clean internet user data"
"0","internet_users <- read_csv(""data/share-of-individuals-using-the-internet-1990-2015.csv"") %>%"
"0","  # Rename country code column to ISO_A3 so it matches what's in the Natural Earth shapefile"
"0","  rename(users = `Individuals using the Internet (% of population) (% of population)`,"
"0","         ISO_A3 = Code)"
"0",""
"0","# Load world shapefile from Natural Earth"
"0","# https://www.naturalearthdata.com/downloads/110m-cultural-vectors/"
"0","world_shapes <- read_sf(""data/ne_110m_admin_0_countries/ne_110m_admin_0_countries.shp"")"
