{"chunk_definitions":[{"row":42,"row_count":1,"visible":true,"expansion_state":0,"options":{"engine":"r","label":"load-libraries-data","warning":false,"message":false},"document_id":"C66F45E9","chunk_id":"c3wndjmdq1757","chunk_label":"load-libraries-data"},{"row":54,"row_count":1,"visible":true,"expansion_state":0,"options":{"engine":"r","label":"combine-shapefile-internet-users"},"document_id":"C66F45E9","chunk_id":"cegudwhn5vuyb","chunk_label":"combine-shapefile-internet-users"}],"doc_write_time":1602311603}